Position,Sequence,Wildtype,Mutant,Score
209,ANPYERGPDPTESSIEAVRGPFAVAQTTVSRLQADGFGGGTIYYPTDTSQGTFGAVAISPGFTAGQESIAWLGPRIASQGFVVITIDTITRLDQPDSRGRQLQAALDHLRTNSVVRNRIDPNRMAVMGHSMGGGGALSAAANNTSLEAAIPLQGWHTRKNWSSVRTPTLVVGAQLDTIAPVSSHSEAFYNSLPSDLDKAYMELRGASHFVSNTPDTTTAKYSIAWLKRFVDDDLRYEQFLCPAPDDFAISEYRSTCPF,L,F,2.601446125718937
49,CEIDVILNDAESRKTAELKTEEGKLEKHYLFYDGESVSGKVNINVKQTPKRLEHQGIRIEFVGQIELFSDKSNTHEFVNLVKELALPGELTQNRSYDFEFMQVEKPYESYVGANVRLRYFLKVTIVRRLSDLVKEYDLIVHQLATYPDVNNSIKMEVGIEDCLHIEFEYNKSKYHLKDVIVGKIYFLLVRIKIQHMELQLIKKEMTGIGPSTTTETETVAKYESIPIRLFLAGYDLTPTMRDVNKKFSVRYFLNLVLVRYFKQQEIVLWRKAP,S,P,2.2990901240275314
97,ANPYERGPDPTESSIEAVRGPFAVAQTTVSRLQADGFGGGTIYYPTDTSQGTFGAVAISPGFTAGQESIAWLGPRIASQGFVVITIDTITRLDQPDTRGRQLQAALDHLRTNSVVRNRIDPNRMAVMGHSMGGGGALSAAANNTSLEAAIPLQGWHTRKNWSSVRTPTLVVGAQLDTIAPVSSHSEAFYNSLPSDLDKAYMELRGASHLVSNTPDTTTAKYSIAWLKRFVDDDLRYEQFLCPAPDDFAISEYRSTCPF,S,T,2.2970969447261744
129,CEIDVILNDAESRKTAELKTEEGKLEKHYLFYDGESVSGKVNINVKQTSKRLEHQGIRIEFVGQIELFSDKSNTHEFVNLVKELALPGELTQNRSYDFEFMQVEKPYESYVGANVRLRYFLKVTIVRRNSDLVKEYDLIVHQLATYPDVNNSIKMEVGIEDCLHIEFEYNKSKYHLKDVIVGKIYFLLVRIKIQHMELQLIKKEMTGIGPSTTTETETVAKYESIPIRLFLAGYDLTPTMRDVNKKFSVRYFLNLVLVRYFKQQEIVLWRKAP,L,N,2.281259037093416
232,ANPYERGPDPTESSIEAVRGPFAVAQTTVSRLQADGFGGGTIYYPTDTSQGTFGAVAISPGFTAGQESIAWLGPRIASQGFVVITIDTITRLDQPDSRGRQLQAALDHLRTNSVVRNRIDPNRMAVMGHSMGGGGALSAAANNTSLEAAIPLQGWHTRKNWSSVRTPTLVVGAQLDTIAPVSSHSEAFYNSLPSDLDKAYMELRGASHLVSNTPDTTTAKYSIAWLKRFVDNDLRYEQFLCPAPDDFAISEYRSTCPF,D,N,2.277786470523527
35,ANPYERGPDPTESSIEAVRGPFAVAQTTVSRLQASGFGGGTIYYPTDTSQGTFGAVAISPGFTAGQESIAWLGPRIASQGFVVITIDTITRLDQPDSRGRQLQAALDHLRTNSVVRNRIDPNRMAVMGHSMGGGGALSAAANNTSLEAAIPLQGWHTRKNWSSVRTPTLVVGAQLDTIAPVSSHSEAFYNSLPSDLDKAYMELRGASHLVSNTPDTTTAKYSIAWLKRFVDDDLRYEQFLCPAPDDFAISEYRSTCPF,D,S,2.2691950571115163
213,ANPYERGPDPTESSIEAVRGPFAVAQTTVSRLQADGFGGGTIYYPTDTSQGTFGAVAISPGFTAGQESIAWLGPRIASQGFVVITIDTITRLDQPDSRGRQLQAALDHLRTNSVVRNRIDPNRMAVMGHSMGGGGALSAAANNTSLEAAIPLQGWHTRKNWSSVRTPTLVVGAQLDTIAPVSSHSEAFYNSLPSDLDKAYMELRGASHLVSNSPDTTTAKYSIAWLKRFVDDDLRYEQFLCPAPDDFAISEYRSTCPF,T,S,2.262341238286622
18,CEIDVILNDAESRKTAEMKTEEGKLEKHYLFYDGESVSGKVNINVKQTSKRLEHQGIRIEFVGQIELFSDKSNTHEFVNLVKELALPGELTQNRSYDFEFMQVEKPYESYVGANVRLRYFLKVTIVRRLSDLVKEYDLIVHQLATYPDVNNSIKMEVGIEDCLHIEFEYNKSKYHLKDVIVGKIYFLLVRIKIQHMELQLIKKEMTGIGPSTTTETETVAKYESIPIRLFLAGYDLTPTMRDVNKKFSVRYFLNLVLVRYFKQQEIVLWRKAP,L,M,2.1928634424268343
55,CEIDVILNDAESRKTAELKTEEGKLEKHYLFYDGESVSGKVNINVKQTSKRLEHYGIRIEFVGQIELFSDKSNTHEFVNLVKELALPGELTQNRSYDFEFMQVEKPYESYVGANVRLRYFLKVTIVRRLSDLVKEYDLIVHQLATYPDVNNSIKMEVGIEDCLHIEFEYNKSKYHLKDVIVGKIYFLLVRIKIQHMELQLIKKEMTGIGPSTTTETETVAKYESIPIRLFLAGYDLTPTMRDVNKKFSVRYFLNLVLVRYFKQQEIVLWRKAP,Q,Y,2.1006192950948814
222,CEIDVILNDAESRKTAELKTEEGKLEKHYLFYDGESVSGKVNINVKQTSKRLEHQGIRIEFVGQIELFSDKSNTHEFVNLVKELALPGELTQNRSYDFEFMQVEKPYESYVGANVRLRYFLKVTIVRRLSDLVKEYDLIVHQLATYPDVNNSIKMEVGIEDCLHIEFEYNKSKYHLKDVIVGKIYFLLVRIKIQHMELQLIKKEMTGIGPSTTTETETVAKVESIPIRLFLAGYDLTPTMRDVNKKFSVRYFLNLVLVRYFKQQEIVLWRKAP,Y,V,2.098131874083989
